{"cameraMode":{"drawMode":0,"name":"Shaded","section":"Shading Mode"},"sceneLighting":true,"audioPlay":false,"sceneViewState":{"m_AlwaysRefresh":false,"showFog":true,"showSkybox":true,"showFlares":true,"showImageEffects":true,"showParticleSystems":true,"showVisualEffectGraphs":true,"m_FxEnabled":true},"in2DMode":false,"pivot":{"x":1.0914039611816407,"y":2.6991615295410158,"z":0.6740725040435791},"rotation":{"x":-0.26440078020095827,"y":0.6531656980514526,"z":-0.26187625527381899,"w":-0.6594688296318054},"size":25.56659507751465,"orthographic":false}