{"cameraMode":{"drawMode":0,"name":"Shaded","section":"Shading Mode"},"sceneLighting":true,"audioPlay":false,"sceneViewState":{"m_AlwaysRefresh":false,"showFog":true,"showSkybox":true,"showFlares":true,"showImageEffects":true,"showParticleSystems":true,"showVisualEffectGraphs":true,"m_FxEnabled":true},"in2DMode":false,"pivot":{"x":1.3624169826507569,"y":2.6859443187713625,"z":1.559389591217041},"rotation":{"x":-0.17992520332336427,"y":0.15771447122097016,"z":-0.02923886850476265,"w":-0.9705203175544739},"size":6.3157758712768559,"orthographic":false}