{"cameraMode":{"drawMode":0,"name":"Shaded","section":"Shading Mode"},"sceneLighting":true,"audioPlay":false,"sceneViewState":{"m_AlwaysRefresh":false,"showFog":true,"showSkybox":true,"showFlares":true,"showImageEffects":true,"showParticleSystems":true,"showVisualEffectGraphs":true,"m_FxEnabled":true},"in2DMode":false,"pivot":{"x":-5.7962541580200199,"y":6.932487487792969,"z":2.951627731323242},"rotation":{"x":-0.05821169167757034,"y":0.33388254046440127,"z":-0.020663537085056306,"w":-0.9405898451805115},"size":12.632043838500977,"orthographic":false}